x,y
4.682139617622534,-6.9703577394008365
2.417483751136025,-1.9882128536037769
9.38484260916076,-0.34365011299177795
-6.05423382565863,-2.886252202112514
9.021813591341527,-3.5577480806172375
0.7667898070003254,3.728397879952839
3.4391228098982403,-5.682672046810229
-8.010768050956203,4.1878149050225755
-2.38848117243786,8.700883927814612
5.387582929263452,1.3039504235550226
4.138220301979807,2.228684734789482
-9.197212236691797,-8.62134595751822
0.9318852699448925,7.289538072356564
-8.23443614063181,-4.29104425600269
9.917128583563247,2.3010233105712974
7.945931770665894,9.582243394896047
-9.57838679142926,1.9100520114561554
7.172991578052617,4.4941897492875515
8.388592011168154,-1.0936076355249629
-2.929035548730898,-8.792683129698853
4.390033100955318,5.9519869897957705
-1.157925075844421,-9.300023174720287
3.104649691526882,4.013156577757082
-3.1936519140361703,-9.541568537007262
-3.548815267334633,7.246104731533411
-1.5113222228484187,-6.847279283340388
-7.088644826949977,0.2854299088510217
6.622779288707651,1.943014089662947
-3.026042092767267,-0.8490918525317586
-1.997008921883097,-3.184730213022256
7.8810922540428905,-0.6437140763805651
-0.06752371873657381,-3.771684922376826
0.8850781870172586,-1.237553058382737
9.129962495541971,-2.821740180039387
7.734527662899783,1.324096470142905
-6.61066582223121,-5.2415167551003305
-0.5356994016378991,9.773131098280249
9.425924548570912,0.017399067643310673
-2.5526740354279465,-6.116758451709807
-2.568537829675998,-0.45866500865455073
-6.099395364216913,7.3283025904964845
-7.713537717617496,-9.563864137512088
4.806095815119635,3.5910823821457765
5.40060937403033,0.9593559358785608
9.380259270059998,-6.6088401125972895
5.46836421810726,6.349528786098414
-5.132950119328026,-2.622307552519887
-9.19766843422969,-4.123959423689851
9.708747687393206,6.562503837138021
-3.190986089127885,2.7705009238332927
-3.760569151351585,7.965181673496488
8.11910419498765,2.5976740734239883
1.701997970899722,4.816353158642306
-5.702576523017308,6.728917925192256
7.781924854324792,-8.905207281801262
9.867217101094866,5.520979177387606
-8.266428776983386,2.2741296369915354
7.245032566049744,-8.609844069696136
-2.1896860463121204,0.17155843737430132
0.4814489301340874,-8.350838440320922
8.296319515299615,4.718944034464448
9.467583915502345,0.9300342779576614
-4.756721791824012,9.071470748245947
-5.742984580801725,-6.337292568564603
-8.389668828169762,2.120669050407569
1.2359570532427604,-5.768357308590173
-9.727912090986635,2.2812996945479664
-1.7620340478012686,4.452994047217128
-8.532319666959829,4.446086586590772
-1.8954843414133205,6.301479813652197
-9.201356214687815,7.071004559166333
6.704345212175376,-8.454565474656459
-5.8052201212286825,-3.134656858551919
-3.433825792841761,3.742450407196113
7.4009599321278365,-0.028274252175757297
4.925321226644101,-6.18648106490417
-5.619232767158831,1.0541914033339594
-8.56201162685008,-1.851286944677124
4.31347553710679,-2.1992344469138985
-2.185948986237813,6.195074348713277
5.321599982364425,-1.8480333233563755
-1.094104552495791,-9.470909890391518
-3.0799517405544723,-8.838733222178174
-0.9758918357520692,7.124880833832407
4.971179713413534,9.212016200250424
8.044405730807483,3.768186729114152
-9.004656068228488,-2.7126341179983964
0.48223082453910315,8.77200631589455
-9.343291418322448,3.256061727514716
-0.6318090995128252,6.886670983986754
7.705656581938008,5.317046080740187
-2.7681946715938066,-2.4172136845481518
8.649008421612866,-0.4259559829842896
2.6121694330121876,-6.277356912638011
8.683106875860126,-4.159717991185319
5.143332508250394,5.562513225730434
-7.931296667024754,7.879567837662165
-5.376972648746459,4.489208465028236
-2.1165909083298757,-0.696526066867234
-6.59786235975848,-8.26981462120505
-0.10176790446679007,-8.861041026031035
-0.5726368859701871,-2.5134887077429235
9.125183960547623,-0.7235656246467386
-1.3254423420804446,2.182412444265937
5.712536085759956,-9.870209572260055
8.838210897029597,9.794457809326126
7.53977661947971,-2.721222331919142
-5.826647509768163,6.96189327602243
-0.07940211492911509,0.6993341133080868
-3.045204354081486,-7.39121090933307
-2.0028260972556904,5.951311050690437
-2.783863475084976,4.196541498397522
6.527184203500084,0.5487216985845595
-0.9572188975510514,0.2910618266756
0.47388664489376353,-8.250407884981438
9.648947140941495,3.116978971477483
-8.80041455616967,8.224903115085993
-0.24084720418502314,-8.135101615572832
5.481234138922321,-4.729770987021902
-6.976760836235469,8.046159468841974
2.2306318922954773,-4.313121803604134
-5.210704409310665,3.0788734435985265
7.348082264491353,0.6963632988628827
-3.4580066919984143,1.9265521000772416
-3.418743661981809,-1.6842219684549384
1.9638775703578695,-4.000170588925778
-6.328741837601825,-9.02933098540662
-4.302227221938779,4.885618785883283
-1.6673629976117699,4.921869243884537
-2.9272427371977923,3.414514801574464
0.4975443601116485,2.8726757623924115
1.9928028813793262,-5.125657356649476
1.3333490750032908,-9.553101324674175
3.0833662398386448,6.174307937708793
-3.8450096678435948,-0.17722928608346322
-7.471475456899439,-3.8632373859476328
5.216150828621542,-7.961361864388598
7.015607652613639,-8.745568181972232
-4.859875355551355,-3.022665564096454
-1.8581608768396052,6.09474129533881
-0.0286156607288941,8.37447498667661
0.6665368550587285,7.935027292261296
3.1898034217530373,8.400016694993099
-9.167935332893574,8.154506862586853
4.429541654680341,0.5444950320079158
-8.760579860411795,-5.611687228861923
-0.6342286465426419,5.960931656736408
6.553422711383881,-5.72574050294842
-0.975693734432074,-4.655854464868618
-7.018205024635044,-5.334913563549031
9.700676900119195,0.29964807391611714
7.785709241485264,-3.5634498366184015
5.42627266450028,-6.91687900749317
-1.7697679420157915,-0.9365317621223532
-6.323085462214044,7.478144775703338
8.828223628370026,1.4110570989994446
0.647022530342781,7.566712117751742
7.047109207749703,-6.082556298417252
-3.1580998848114845,-6.66052252654892
-3.2942336584105885,1.5115425139684042
9.710809613480784,-0.7334219690745396
0.4366609698969963,3.2034528329391385
-7.186091522785074,5.892535820535631
-5.606506440105852,5.026145913043528
-0.36111441214558404,8.845223473171224
-9.150581790231772,-2.034871816859769
-0.7493202924339908,-5.872265155036384
-1.6211831583974483,1.0182527989577146
5.58672530638974,-7.785137596176288
-2.901160710215165,-4.222977533367372
9.650975230791985,-5.842238894737111
-6.384601613981937,-2.068725664058382
1.819733699362697,-7.775668499955692
-8.206014059834907,-9.363165109038043
4.677279679879639,3.1358800926006367
9.89507376123943,2.2049795657960978
6.382772755032644,4.167178720773224
1.1140708144060252,3.2077288054268784
-0.30517285200615873,-7.71410637715233
6.700599225336937,-4.1784223724870735
8.719481694214487,-7.409467801992953
9.78413051596186,6.859448040971262
-2.0692154487103176,4.9380731071104655
9.818349495890246,-5.969459941635151
-6.88147495652337,-3.1738151902021317
-4.929004481361816,9.332299845284282
-8.219677505322077,1.8831871575930297
-4.565229670310367,6.023111946023146
5.358751032360223,-4.708179304625418
7.058487163568994,-5.798941596413895
5.5778529020514345,5.678338576930969
2.6213155633539245,3.717449104628802
0.2793302504529116,3.619558584235275
4.174085784272929,1.0526916365838783
-2.1833290146555644,1.2715668555309776
6.826167029994036,4.7139501061250755
3.5438018795357085,-4.599950377576095
3.9560939698881707,-2.9446306828608844
0.7187198625814251,7.432735410401101
7.70457968422345,-3.822695979756845
-4.95970532641895,0.9261914275859802
-2.3770469327789856,4.052789280133682
5.552851393553782,9.99849653666353
-0.14502207741324646,-1.294173370093361
7.7842802684838155,-1.438142467501125
-3.0720136047429536,6.851767588673351
-2.6133966236071053,6.1100622251972645
7.774715787732507,4.621517634690971
-0.712593596359179,-0.7354072518194226
0.3224916840497354,-3.521217596785684
-3.344725693286412,2.174609651696972
-4.466601156418362,7.52446586263282
3.1189742167678407,7.675549164171731
-7.603186769175922,-7.830033098591231
7.585452823658187,-1.4329943237369864
5.584062735302158,-0.7055608760250109
-6.185034725883945,9.552307350475065
3.8803989164913073,3.559960304851691
2.0526584257126963,-1.8550716547585893
-6.309298985267118,-9.47884228028814
-4.535929878995351,1.3077032019839194
-1.8202699253233128,-8.078480487232877
3.984854704909477,6.688999146955261
2.774468176340118,5.050373211407242
0.6446969535339591,-0.7898168018364249
5.368210862280684,-1.4157844091660046
5.158754792123318,7.946779311375373
2.357183081245118,-4.230832991637432
5.739801667696504,-5.019600757864584
-3.314732504415816,8.783948656515243
7.624990566452112,6.184916735069653
2.2982017160388146,6.412511861343894
6.447270276248609,-6.0961237144814895
0.9255820958056802,-7.134080171381312
-5.631235100226393,-9.479409003657302
0.8482025735661729,-5.259169821626399
-2.577766724468238,5.483809834286495
3.949980720741891,-5.1992316247170045
-0.4841241653052837,4.582065671897524
6.722256098553753,-4.9618346926515695
3.5614502464383335,-2.094150040986566
3.690888660626479,9.663245798228168
-5.6568933301787006,-5.103765374317288
9.684995329825806,-2.472587454034647
6.833504185429774,-3.9782563906957265
5.780097691213893,-7.807500273399954
-3.3956954967994513,-0.20211715738350122
0.7126330569446377,-2.4261867333399545
-7.257936238513427,3.8977417161456014
0.7695195332541189,6.351890939030923
-7.082215070334255,0.8849942899127701
1.0607568797920237,-9.356071558253262
2.974437603098112,2.378447124694432
-2.1960806550019534,-8.892185399581216
-0.029102433374134762,2.327126471980499
7.513067753491718,3.7005989853837704
-7.828737105943812,-6.0446474476496315
5.834657859993058,6.3869229744354215
-6.584908980076072,8.221702631480973
-9.265840343907431,6.261739282276395
-6.288507945099044,-3.897816195758357
5.300863799409793,1.7328602489126883
-1.8974785332627988,8.296302983824553
7.450410336923639,-3.5867054755430017
0.4941508236453167,6.400556445308499
-9.554992961473381,-9.810497374766069
4.334272192038535,-9.927065944306474
-7.7953418255753455,5.194233206779348
5.787592669238489,5.228951642542423
-6.6379490038963995,5.779543757045875
-3.091072283889731,8.600536757763248
5.225428592507207,-7.641873763594315
9.084627149528433,-5.360300300326233
-2.571320987065353,8.074498407476153
6.588004403978715,-6.455276044552932
-6.184154690483226,3.6445853515316795
6.143595404049822,0.6092600008163078
3.1498811851250217,-8.336126462969855
-6.145129855752631,-4.294726761169343
-3.949920792971769,0.40744432881935744
-7.36458222805928,7.04700233367668
-2.340659778713734,4.150769792293474
-5.927027177534452,2.4376632290986606
2.87995907260947,-0.07934220117170376
9.890102084411176,-4.026320323717314
-9.759816738314717,-7.615101773614777
0.8183962657459727,-1.8184793086780893
1.473331950980194,-9.42963012177415
8.284175793616239,-5.778882214662988
0.12010669533875173,-1.3503324825468042
0.8740283928983494,-1.6278962865616986
-0.5669439734322275,-9.114091380060152
-4.621913908770372,1.7812030705058248
-8.879417335021726,0.9936851170647252
-1.8268463558032781,-8.437913919581742
-8.94817057518643,8.863261049208788
1.0098493893183562,-8.012344420982798
-3.854127135154137,7.096683024746721
0.6720480305085559,-9.99380536169988
-7.314060712096266,7.645621900907663
8.652599314787192,-9.605605355913749
7.890424870998697,5.15624063784232
-6.2000698159543095,-2.766183773994941
-3.1311143341198022,4.764336002726397
2.269855437039592,-1.9650958915004306
-8.086275853881874,-8.581841553363166
-2.9086435776769832,5.350133907907281
-4.977754263619878,-8.574946293572701
8.310334574333933,8.44240871922436
7.050212725784103,-8.980519284166773
1.596654825337275,-0.4134944445696913
0.40692673743148333,4.460688617015913
8.614515890907942,-2.1350707041592454
8.648555659576306,-5.655330508151306
9.38660250703321,5.181819227920542
-7.4924223178362475,5.685894095774529
-6.788843784736596,8.453899679087343
3.5347339735977314,-2.476697791378446
0.828689532196897,0.12503468994653666
-9.630681902135281,-2.7374311430785596
-8.760499280209613,-4.858363562972636
7.7616076451761025,5.020659230752171
7.377415910787725,-3.206963099660891
-2.8545815600790974,-1.4370111601529594
7.821012338610693,-1.926526847519444
1.8735014879580358,4.253224512934917
6.118112940378037,8.355912522213597
-1.4513785767957152,3.335121226147546
-7.732033453101826,-0.5683480781153492
-1.3254587470796757,5.584102294777669
-0.8540040400620423,2.8194264824427506
1.01888387681206,-8.78779285764373
-7.88834574191144,-8.086728271623167
9.828037260992229,-9.241661118527333
-5.117263583861873,-0.863673475873604
-6.028951929258142,6.517068686779297
0.5360583771187315,-3.738336612972959
0.7441635878977735,-2.3167963381503665
-1.2035852433351142,8.189542167357814
5.437842926505089,6.738068906333098
0.33308801457205384,3.3009622476511993
2.193909102899683,-4.663924358154974
4.474927708155711,-7.6591703462311305
-9.499497968722668,-9.678823546397727
1.4128836509008948,-7.8597865479115825
7.683889424567386,-4.148071127521145
-9.652225141491321,1.0358012715899143
-1.8963579239807782,-8.719998344952263
8.5245490041166,-7.275444433631019
-2.9369119543492435,-6.378385953841179
-0.8254235159951833,2.639641859666124
9.630827860886257,2.3157959796024876
-6.013522820988523,1.0153145274430582
-8.694896217499881,-4.989971506081208
7.188451817226088,-2.57760617562536
7.369306824247371,-8.06620567324514
-0.5584433063997363,-5.470787924838902
0.2841434895457251,7.954104529451609
6.7161273923567215,9.593834928716568
4.771189962315903,2.953191712805893
-4.697019955659787,8.336465840468403
-9.66213289856963,2.8548380080285014
-0.40599674932908414,-9.336070277890602
7.178246521912829,9.93525169972818
7.916693533803244,-8.020953966269301
9.124523941523076,3.6528360289012145
7.591264752255626,-4.943275938504199
1.6008711059619678,-2.1603777418607972
-1.1078880152779824,2.918683696018764
5.496996930681981,-1.2702530138458599
4.796432687311929,-4.989078821377435
0.7628686016290871,-3.311076262433506
-8.253452548830618,-3.169037661536473
8.521626935738375,9.186478090164275
-0.8879492499667574,5.97226031846902
-2.733324361674714,-0.829024570411999
2.591347903375434,-6.003581593172718
3.4767592233395384,6.220322205253119
-5.786241659393971,-6.85635056783253
6.7387768961991235,-5.790755657159932
-4.2012581267524425,-2.6797321631969773
-6.266321481713666,7.606963917039803
-1.8720029429100506,-7.364266627317795
4.611201617949305,-7.555316142909478
9.30916356879607,-0.12050023389468123
6.185625287428664,-4.471789178126507
8.806967553403837,1.3745588329631975
-7.187883918469464,-0.9672663063355298
-8.576464022726464,-1.3008178729756636
1.154095238133424,-7.760540590260135
-4.194050339119313,-7.179006195003197
6.561099459385456,6.421571548937003
3.439757428046521,7.717654751434889
9.414563279715889,-5.306329342294996
-4.904152885373916,-7.7307899695046185
-0.28431771289535135,-8.931666561309788
0.02480954850706496,2.1659522748379363
-5.216464102852476,4.30706425000411
1.8018679897601544,-2.5438002159358897
-1.1342802784152095,3.5935173498127924
-1.0655688802025267,4.259176311190522
-2.7452670405503277,8.706845627938108
-9.661412951489298,-8.702527243297855
0.44190473829577925,-6.154165535378404
-3.295043285993378,-8.629480248060236
-9.973602620313407,7.35987866672221
-3.8411258467613596,5.851743200671372
-4.42743333820486,1.4928414124367801
-2.131036935527284,-8.326731798976336
-7.362960207132061,-4.533752826925608
0.15367649270168826,-4.045603038829661
3.8488070503625984,1.2148639203083427
2.6037113810914487,-4.83912211926569
6.075098951383811,-8.540802721740903
-0.9598342402583775,4.615246037065987
0.3818346067945644,-4.018395766891773
6.208038817179666,-0.952516459533987
-1.445976583615229,-7.446667300353893
4.03198699799194,6.0509660678915935
-1.3079526256401621,1.3106375384811528
-1.6452761097687478,8.031712524197257
5.204112490583206,-0.09056873869333337
-6.503261690675776,8.828513436357596
-3.2282805611685284,7.8373640876265185
-5.516554465061965,1.5291971291846789
-2.817801140648058,8.677868762997267
-5.3925035526795195,-3.5382250541089544
1.5881126217330923,-2.6871567459157735
5.963416052356905,-9.09044097387926
5.732261224358037,1.784018135277062
-2.7099807090241512,4.438479398578668
9.775208117885235,5.470383804842063
1.8770872941160164,-7.003674279077934
-2.0119939644341045,-1.1168185537499937
6.7107855848285105,-6.462735758121687
4.597480252852817,3.2425469770849773
4.985506736482089,-6.841072551564638
-6.077213005322568,8.083273679121497
-0.6335138526288979,-5.387307086771733
7.236562616492055,-4.171954674235103
0.08076015257514513,7.0181264430199946
3.669054868421007,-0.8306477970855237
1.7586746606852905,-9.520081083998539
6.847135754367642,-0.10827497594708468
-4.3087832047679475,-8.30913329239754
1.509505557727298,9.706894373746213
-7.53530663980392,1.7622314091120472
3.804215533989357,-4.869347647780431
4.639356767054242,1.2743535909523551
-9.143253576220031,-8.462657932364904
3.5158192725597015,5.9978260853763405
-1.7061969166842736,8.506561077283273
-7.518062477806353,7.4888877641231915
-1.6018490460306474,-3.164847954028744
-6.1153414060883655,-3.4846376071326297
-1.6888093575336693,-9.298247775674
-2.313219440829446,3.0280071740183345
4.76783273872115,0.6980956837958985
5.484311163327176,-0.813072573453173
2.1405730876909335,8.15261906669414
-9.54626315635105,-6.642421978343074
8.62044558141988,-9.806674666196354
3.7246656019289546,-8.533670957584691
-9.316091001576224,-5.532571243452622
6.376657984282357,-9.33428901473086
-5.994676905640077,0.05687421286270933
1.584423791422136,-3.718190895328439
-0.667312600996258,-6.390339838637347
-1.6032243528984669,5.001681498973243
7.79427440248795,-5.910973475349399
-1.252774168747706,3.7521020198758652
-8.493117648536986,-3.0147018830472216
8.93277454429905,0.23655521325109063
8.410704624792551,8.677340797026396
3.6886537916319746,-9.252967303683743
-0.6421494373594996,0.005290149549237455
-8.142810541129574,7.088459206552365
5.814962371549523,1.7594849674069692
-8.49044171151942,-4.462589660696867
-8.627980302097086,-2.0463772970993137
0.7476768487873624,3.6053125745714905
-6.7974351963071955,7.81623788627606
-9.84539465319302,-9.178672525067768
-1.5377313800842742,-8.569223562192471
-7.255655367798681,-3.4989695278082493
-6.789691694386175,-5.34440631125042
-8.461787225293307,-4.70138227555188
-5.898124925527801,-5.574600027482381
4.309683595487787,-6.083499022896845
6.178546144355828,-7.387520662614165
-0.9493271194139865,8.67908263590476
0.13107631762835403,-7.116210721876939
-9.346899308115947,-5.911924504689276
-8.613674772573663,-5.0746855203842856
-4.848645487009662,8.660297462608412
0.8779684142629502,5.1142826720216945
4.7910229746998585,5.793988606310293
2.100061226760662,-7.904834809230039
-2.1574429002642344,6.726197500313432
-7.633518539937237,-1.8361383636516404
5.615464697743789,-4.743539475752225
-2.724278968018858,1.5150016704062104
4.7210802896557915,6.443658116334678
0.2595768382868364,5.5730430214981865
4.773241071236505,7.79994965162264
8.145791229051436,8.562643720308877
8.420590321076041,-5.237558571445009
0.7021356000120687,-1.5228421166145658
0.2301672953127749,-9.7074292158986
-4.686430689943255,7.5864331853012
8.715996630585828,-6.908556970504649
-0.8416166560075826,7.229496246853884
-7.448175214252457,-3.4122535602680726
-1.345901707469002,-2.637328200377236
-7.458934995239921,-9.217354910322813
0.05063368514150213,-3.4624242046936082
1.2255102971242433,7.7672736560252815
-3.2448847701282935,-9.489051977567918
-8.566987715370306,-1.8734505390654927
8.87007071266478,-9.372007403745178
5.467062269668592,-2.581531497818701
6.777621610102422,-6.5471871843941765
-2.6626321142754117,-4.955632134632559
5.21662060038901,7.5519674632283795
-0.2925420966161152,-1.2790155875621796
-5.978330231879081,-4.524040171961756
-7.511532461855735,1.786767559010956
-3.0989826135588627,-7.157860803348353
-7.248957770497206,-4.812167851582883
9.96537952408137,0.9249593520577708
-9.016220195359558,-5.249539163038623
-1.1771280126184696,3.582554748017465
-0.9581295521923181,-0.1701739548095489
-3.987361428366489,5.439781405093818
1.4270313141389064,8.964890714449371
-7.000459516969107,-7.683902213051845
5.678247611744673,-3.3066998003091026
-3.3510456350472335,-3.6090187424318687
1.8268517959728356,-6.976341613254915
4.312784721339186,6.206062746669417
7.780842353803223,5.1975740807758
6.715748729044002,-0.31149058331202006
2.166180562071192,0.755415555892192
-2.2321363923222615,-8.809117239950075
0.064093401499278,1.110147046540913
5.374695867576051,5.826830480392729
7.55091085118946,1.4765514716771442
-7.924361436466563,-4.693872597591621
-2.3028747501389297,3.350965446686745
5.522331968270011,-2.770231400695047
-1.3669647481207807,0.897465685714705
-3.355444718674323,-0.24869273442150508
-1.7735460635346083,-2.376499980696398
2.0568949357270156,4.377559607882702
9.99610288267603,7.677522239717636
-0.14015141790936525,-9.895749630461502
-5.830110500914789,8.672330384607346
-6.743068494418106,0.23030272166449883
-9.153005050471714,4.014637607265303
1.1763446983664299,7.112491323517542
0.8914418297766851,-0.6579261537146017
-5.895321464393817,6.6994814672978045
3.9065881290513396,-6.447603610895955
4.822140832593615,-6.816649310403711
-4.818035892357775,3.1494273771230716
-3.1180047194052696,7.4028601110347445
9.809433446945132,7.848523550720788
-2.5147106429853157,2.8748091675449317
5.216033435122036,0.5097846041863505
-0.9454914674012009,-3.3721382460696763
5.866896557219519,9.600008311986628
5.380464775652957,-3.606086266674991
3.3551205039707117,4.883722144631864
7.095566925911584,0.6396359981000153
8.784369897553702,2.1702468505069348
1.599666409041678,-2.1303889882274767
-5.250621855545086,9.296462509444957
-2.0274207671184996,1.4336465219854215
5.166114270265865,8.7557526091758
3.0176697024773897,-9.848171676521718
-6.444033228695025,1.4534116638224184
-8.975209177071505,4.343737794505429
3.659231870841298,4.90160342324436
-4.978419519413093,8.099537635633627
-0.006595125418931147,-9.911967819924275
4.934935450251885,-9.99339681481047
1.2533356131266622,-0.5547307840956943
-8.333948337764072,-9.414125899892587
-6.2883952643288925,9.490651073247491
-5.613436319381617,-5.558696509172161
-4.842714927103103,-0.5467054127031048
1.3080678390100857,-8.777247399755527
0.07931559650787001,0.4409683234251709
-5.936799232715821,-2.4008774970518303
-8.648903130886259,-9.106799422455525
-6.5713559105056385,-3.2975146660755055
9.687626252372066,-2.171279595542888
-0.6290610041705555,9.7984298254988
7.346910094042251,-5.842282561612491
6.975049333376866,0.8955923074019942
0.23039114925747484,9.746310983972574
4.133754169210871,5.840384158802703
-6.144959791745754,9.86735001764178
3.7679340985381664,9.365966293203385
-4.55230841473421,-0.20920915811691465
6.641241935083016,3.927516997411315
-8.325517337821802,-7.791137461176978
5.46277345770555,-1.1770234990639636
-8.001261868627608,6.18037084533395
7.623784737886179,0.10670641954286708
-3.915909637299926,4.053980656344638
3.0878672966114955,4.91502659968554
-0.24995442759440323,-4.930617175142123
-2.673937094753221,7.513987458851311
2.9088366636699288,-0.8035513818164208
8.950459611024758,-5.796297927569125
-9.174605052507562,7.308317635768876
8.377057117662087,-1.6436238778749264
2.181633100420271,5.0062487675943945
6.1462860153810475,0.9606614444318584
-2.3225009313144485,-2.362564955309992
-0.563140503247725,6.197528300771388
7.3770150360232805,1.68939863289226
-1.7030406038035384,-2.1887579514593654
0.6931913349816998,-7.8080425932974595
-9.596101538313341,7.908906275334157
-6.828039883239154,-9.290608293166668
2.833730159495996,7.263746967361126
4.3395380212775425,-2.800769502336891
1.652018735689989,2.786775270028116
-7.133799274487787,8.443994476713705
-1.0918914284433043,-6.965867689922032
-2.8981046727362036,1.3390095127762045
-0.08677311929823261,5.28865724740384
7.406580691081885,5.1516766543811485
5.517228773173038,0.5126382919900792
-8.320209972216821,2.494789198129162
7.806183955491285,5.15053988265689
-0.5646569770035281,6.820552755148235
4.877242897719968,5.236261937517275
-7.199215374712957,-2.919901136375147
3.414390514140962,9.934528021154662
-5.273479647810841,-1.3099461256139122
-1.2323820571813684,-9.510705944821332
-9.662742598357912,-2.7476609682907593
-6.96778724139048,-7.4443409085231345
-8.158390137527604,-7.5711476854325
-5.2051165412348315,-4.369299197862113
-7.999638199513555,-8.932490116454783
3.8382005323912374,3.7702437681912606
-9.419201955815613,-8.520222315961899
2.354810012499959,-5.934208891280877
-7.185843383488515,-8.142005710117612
8.903229143557937,-8.736645381939379
8.661881462197087,-4.644966689209166
-5.489937949580748,1.4379793532073997
2.2884259644605898,9.293711128936835
-9.43989361055083,7.511133086992125
8.635770861023481,7.518678508906497
0.4597461638341933,-6.478659279246848
-9.13553697164442,-4.701856130043598
-3.1500001398372524,-8.472133664093885
-8.463010762775315,5.569366798303701
-2.1411112125328025,-8.60367397028876
3.3985268432264615,1.133913416417066
-0.6022018391712081,-5.042488553520985
-2.32555650561091,-5.131087319425105
-7.616859089190704,9.814501104952104
-5.101219086126873,5.1355961395707475
-7.997134245232978,6.738787165821002
6.1499746331332155,1.4396537068802537
-7.295203440305549,7.420285747874985
1.9074673309778696,2.9098107833270586
-3.1451917282230824,8.923474095926906
-5.48043230689633,-4.3732282790872645
2.789368789842076,1.9063909156579015
-0.8599538124611872,3.802626958737843
-1.997090654308817,-2.141253899443867
1.8570400978444308,7.594159648081064
-0.17464743019998608,9.596063262083089
-3.9303158289687845,-0.12461017254676854
1.1812257553050323,-2.1871869039132186
3.3899715310138916,-0.5612414288708258
-9.466136828262915,7.054734914638633
-0.6825654218464923,2.909368510363352
-8.846334308329125,-9.104552549638099
-6.271891718637779,0.8433982089142962
1.2101746815594616,-9.653997545180603
7.323778305311613,5.570707420068109
7.656113583769695,-3.4337545291507254
-8.601119797227375,-0.5598503576534135
-1.6178982742658672,5.973562118152639
1.660129660091025,-9.071023654284769
-7.058601908993132,-6.829169288167791
5.308644334895433,-2.040792471097703
4.884705168744777,-5.401496729088788
8.066820274135893,-3.2419714844987375
-9.83027975833114,9.9634947578493
-5.666315120219947,6.508288751476215
6.543734284906435,7.678036299202169
3.4116010165387074,8.741092671315506
7.887797073969814,-3.181282393716087
-8.85640690939467,-4.058460844070546
1.9392793143288571,-5.318750148558502
1.3809314978734832,6.602338226162452
-9.286511672789352,3.591037245703699
0.27044153824967054,-5.276560350342454
2.190406226198485,-2.4601234157909024
-6.174136515957855,0.1342352786559644
-4.533408337506741,0.5628011454750741
2.8069469259547404,7.774554571034294
-0.6339810480008339,-2.388677341055674
7.160273151366535,8.170480610010248
-3.152364679816233,-1.172648793604207
-4.666806832235977,4.927453495847075
9.697318806896856,8.605086399701122
8.222715402601668,8.151514079265326
-9.420145100020402,-8.860942654086376
5.414572306131317,-5.885914100468604
-7.793304523495941,-0.46189148935449786
-9.450296103412581,-1.368914200937855
-4.526089680673023,2.8178332967441406
-4.613082418777914,8.894181016508245
6.386375246939295,-7.751905774441024
4.213344918856702,-0.9628266973151902
9.632188546640286,-6.151779242257214
4.230258006236369,7.882151967958951
-1.6348889348790419,9.291603716033055
3.978553218904338,-0.4259663621929981
9.989181343728042,-7.919794045437185
4.202837651250562,5.705893334453464
5.233627119606366,3.9428270098479796
8.767300303805186,-2.9065834677937907
-7.726974773766333,7.7481494793792685
4.095685868954536,9.516637795654145
7.016119159348978,1.1570769826039076
9.087572004417861,1.314558226885847
-5.780614205766012,-4.049729897724443
0.07858015448488409,1.6901207196662842
3.6110969528896355,-1.2071535895030685
-5.050645409973251,-3.9561794614389623
2.00945726500548,-8.656296069521973
-4.848424350040013,-4.945842805817502
-3.330859589367055,-6.042907006446711
-1.169626069782698,0.8408396910789779
0.5838019749313403,2.0334004352718775
-1.012682567496988,2.1714344861203294
-0.13608960424141614,-2.2363799790864185
-4.028224874234148,-1.5754053262900811
-6.820698119547388,6.684768592812802
-9.053000453463211,-0.47534372965675153
-6.080425550166646,9.755466642742448
1.6388728301156608,-1.207655399822702
5.722308956062648,2.9916188923567795
-6.615048051142109,-8.992740020132084
-7.828892844547031,3.0667984883762163
4.985807210985005,7.028527888300122
-3.8968333892542066,8.849156770665925
9.02998878454705,9.94641223279541
4.28635941220746,-4.356427087015337
-3.4648790551393827,1.5074012965143364
-4.2091450441259015,-0.9856402893570522
0.4739677254261814,1.27634961150342
-8.417106634435811,-6.850940856203067
-7.64646974709402,7.122991451918828
-6.482842373676149,8.191378866891753
5.494471866091203,-1.0067667377415486
0.2771471853824501,-4.391402768528463
-9.78865754451114,-7.183331446939754
3.4703305494421794,3.675296495556088
-1.526196426790058,-3.7553632075852956
0.21704729927595778,8.190771398267774
-5.717675131741289,3.4202494968974015
1.0356445678820734,2.913706503484814
9.58306479502977,1.1880423179648165
-8.531106179884771,-9.084473211425488
-4.321652006711387,8.638448713711739
-5.140048142783405,2.558749865989201
-5.029013784976408,9.881239667662207
-2.425872848692454,0.7471280954577413
6.362195694883351,4.2022178381242625
8.257173799287749,-8.875808842675557
-5.955698250820534,2.6347235364682184
0.8589987589622545,5.292992231807146
2.737979443309605,5.570285897051146
0.43654948727689913,5.402233044605708
-1.3184721160616082,-5.474347454126647
-6.160489882815243,9.50796955210452
-0.2356128160152302,9.903642412498776
-1.9757034457734228,-8.488082496767975
5.911267250045393,8.728928456235145
5.272087183259904,-4.211016113912613
-7.320026375886586,3.785681635019296
-8.229618948738649,-3.2377815852773573
8.163078864550059,9.355086467462431
0.7101677792899537,-7.9699228339292905
7.156018745651814,-0.04506366087247926
-8.836977588671978,-1.439044161158506
0.5303123304326043,-3.4795309544403015
0.7885302915247276,2.910679817602972
7.214040650843,-7.37888513156665
-8.04780003540585,4.333248362673938
-5.191088726481814,9.611842476095745
-1.8692337222597377,6.091174289372603
7.316829508398843,7.200335058190909
8.77766630141134,-2.80726513641995
9.854492391872558,-3.5022678703756256
9.183869729170432,0.3409670938026643
-9.881164883112913,-9.085467704754546
-9.04583317092256,8.90716268913065
-7.047863616848227,-7.1242965396761555
-3.0227580645945373,8.060260783361848
6.598360619739175,-8.328355559992886
7.853123906709609,6.452498553571203
-6.263311874108339,-6.9607494824356975
2.393283032394173,-9.237367718170546
8.347239701305533,4.389789005188174
-0.725365281373584,-4.3946939965114336
-7.929128560944321,4.289923055686991
-0.8437269983075009,1.1017050094563956
-2.484101954238856,-7.823852195398688
1.5531599213201392,8.642601466023272
-1.226826311857927,-0.9537165047304477
-9.653081462925641,4.68894555597376
9.879954668273424,0.020411440312502194
0.8708047546114184,2.087229499224094
-0.5273848903078093,-3.9445281528661518
9.09234743008108,-5.992793919930994
-6.882792648258458,0.8514040681613562
-6.215247949095035,-1.1956205405799594
6.160294981255671,-2.1977357313213375
-4.783378399499824,3.4513439018924608
5.984542125830538,3.8101326402227187
-4.569330341829949,-9.08159887817474
-9.33624739549997,-3.225110115126557
0.34029447773431976,-1.7647089954724535
-6.066271317462773,-8.062156776716638
5.156925858649421,-5.281982666034233
2.8239926646429616,-8.967164055544867
8.472053359558355,9.924841972340413
5.659767145314717,4.73114405939689
-6.384480903185463,-8.250996869944927
6.003164733295925,-9.595012404198158
2.834740896280465,4.3857560030456035
3.3790328352124988,-1.216156686346661
6.645257719402974,5.735934181291519
1.476481383778804,8.469520756367675
-0.6799297129397424,1.9860077803274496
2.732820707174559,-6.257831541654939
-4.040851420832818,5.643880720929051
-6.348057378258014,9.116234863487488
2.331756761424927,1.6046257411991185
-5.323032618290446,3.6399489456146696
-8.401697813067866,-3.2505060992665396
-9.988916308294922,-2.3694461067937755
2.166388028001343,4.693089957061279
-2.7570243303952635,8.555421968136383
5.046219413469119,2.579767744487045
-2.496472033737951,5.796958169706949
-0.2799310352354656,-6.56729965169254
-1.8583005436923017,-5.760818194840529
3.011495822186923,0.6406937366678012
-2.8772167597006355,-6.468916155143189
9.275352998846177,2.6999014044184726
8.722939731970602,-4.166936292106021
6.9605580531456255,5.8306523733378395
8.406005411454963,6.1622069322868676
-1.0172062308121799,-0.724250884892939
0.7286079357898423,-6.383787299247294
4.84185185116489,2.9354992216386506
3.922918498770823,9.855740365271728
7.813571912109417,2.451817958850466
4.326620545133906,-9.284506185719843
9.957694164569212,-9.654120484658348
-3.0298840033681795,-3.592760590153876
6.659954844788359,-6.084323862791903
3.9526964566532836,6.261024142866162
3.827728904300372,6.89611334072001
-3.483288103100022,-4.827624573790477
5.7120358484604505,-3.487104461002146
8.007520446951983,-5.275060645697707
-5.629030769588741,8.16765094742528
2.509936742334082,0.05298669244564458
-2.1573034179444956,3.1227408816403983
9.79096238589754,-1.6903582660079337
-0.42334368336636885,2.6202838700906224
-5.433596524061146,-2.2828924655652783
-2.362847495563349,-3.206431245415491
3.0767677963325255,2.6896014634696037
-8.478212573008474,1.8212415609797858
2.0720384044247524,-4.129440916641007
8.62449518357796,-7.013030993610531
7.007255753157008,-2.6284661232372475
-8.646529266840332,-1.6960472171618157
9.867797574781363,2.5736866684920976
3.9745384740775833,8.290575272737275
-6.754383513719526,-9.276304049341498
-9.75167821661153,-5.126779749163102
-6.574347274156973,-6.1256811544087935
6.76351841371477,0.04588817387567268
-9.567213501096726,-1.4059838591368035
-5.337053927638269,4.580752476403768
5.146111906697508,-5.151681749102723
1.722210717962703,1.8899673149951717
5.6547142072038366,7.677145271999187
4.923010076535759,8.213554798366093
-8.987972257563905,9.175692094500622
7.850228381883031,5.465223041599771
-5.459363314354626,8.1197581251783
1.0678488045952754,-5.309382560294516
2.885763130555576,-6.04838111299046
-6.627435782298092,-9.87023832438947
9.524625134019487,4.136887148581966
-0.23688087825382098,8.74934375627489
-8.847146088052131,-6.261293099166472
8.745240895556808,2.738871508537578
1.7253568638653611,4.929195184435551
3.983863959627527,8.552284702961131
0.5035157986844823,2.937204480344434
6.69475909553935,9.405874654975047
-9.337330756135781,-3.1065371797490453
-4.632432694457044,-3.0014293245718466
-0.6070328719461564,0.8602502002869112
-8.4679276737258,-2.3299623776818574
4.118133386533165,-9.971485434249347
-2.126731718887185,4.6354405017397475
-4.546640194637119,5.034340829569668
-9.932423063831754,4.93949209373541
4.396606234999075,-3.0995866677906676
6.676186177457236,0.44578946622343807
-2.0991892863700308,-2.800529636466611
1.2843595406673103,-9.679271999387085
-5.446267481408031,1.2489788254283756
2.4439529256026624,-7.52478667831978
-9.75725083369599,-8.399173518171189
-0.22712205802483076,5.109981373935744
2.884109636813845,-9.809875951637888
8.363835464594679,9.180168872174523
-2.373283657554315,0.30510728225153727
5.303804059620596,9.660328614122967
1.9537405988700147,-8.84004855054583
8.54024225850161,1.6705909773182643
-2.032446486811388,-3.0134592804817757
-3.6180932025402406,6.869649856285715
7.742839973882877,-2.7755452953142745
-9.015111971834218,-4.790248418853018
-7.272292141326464,7.1510625419982645
-8.35191130831911,-2.5069381669347806
6.862199131528051,-9.663333602788772
-9.787851532593612,-2.194217983213324
7.233143109940961,3.0904453802188385
-0.974644092574664,-4.9128092238723635
-9.919494422920586,-1.3602481514968545
-1.9670964557591635,-8.86569723435549
-6.263983179099288,1.7618558302791438
2.488009749443261,5.125898477207876
3.5871757984329307,-1.733748771977794
-0.2494485919000038,-1.5953473439707988
-9.1896094912066,-8.234350028301671
3.1225760873440382,-5.961182709760349
6.840775672110425,-6.906493937441747
4.40648554652803,-0.36624462676924097
6.59915837910637,0.5851108190150018
-5.989809528982251,8.978802625685201
7.777758793129653,-8.535369914455321
-3.556130987040744,1.997359463100942
-9.731903714960179,0.5299705465648259
6.867832926581414,0.32466195871658243
8.836425379294536,7.463185747656528
3.1111639483469755,-5.889230586090271
-5.371267390731507,-9.18453451317257
-4.965110714349392,3.4454301526838513
-0.6681425312876108,-3.0968507172803967
7.956621592028391,-9.648201675749508
-7.008046877048832,-4.972519854191724
6.519473391669738,-3.813464515663762
-4.173943825896993,2.3367675356848405
6.17172338858196,-6.548284119014558
8.405423952030773,-1.7389130409320401
-1.450122560113595,-0.35049111164335045
-2.6989869178893837,-0.8152521727181821
6.044426379426035,9.478815333335636
0.589657647587881,-9.089915244194078
3.688980969263941,9.019363729047988
2.45658473922359,1.6387442798806653
-6.9422230871040735,5.914554299396766
6.8958072057912325,-1.392147639678491
-6.084497771737276,-0.9232423748603917
8.645642881415615,7.58652998031647
-4.988574171557043,7.918689925838041
4.677619465474837,-5.226222371374048
-4.306892130128159,-6.015162428307637
-3.6442918282627224,-0.07529652260097919
-3.7999629443538936,8.005540542553831
4.957845080521665,-3.552898131876474
1.1363023593878623,3.040292306782625
7.659049116949944,4.163033754812023
-3.8525456159191034,5.573493297883116
3.839850441134887,1.2784891584192657
5.0589719932622135,-1.9508964344206081
